研究发现,对应文件,当前问题,保留,删除,改写,移动,新增,预期收益,风险,验证指标
市场目标前置,总使用说明,3.0强调拟真类型叙事，但起号期市场优先级没有形成独立输入合同,三系统与最低充分记录原则,,,把起号期目标移到所有Prompt之前,新增起号期市场合同与运行模式选择,减少创作者偏好先入为主,短期内容可能更保守,CTR、前半段浏览、推荐占比
运行模式,总使用说明,所有主题默认五路线并跑，成本高且容易为了差异而差异,A-E路线作为研发库,,改为“标准3路/深研5路”,五路线从强制流程移到可选深研模式,新增市场成熟路线,提高速度和市场确定性,可能遗漏大胆路线,单主题产出差异与采用率
数据输入压缩,总使用说明/跨文件合同,完整数据与研究材料过长，稀释模型注意力,数据证据等级,,改为一页摘要,完整报告移出常态输入,新增版本号和有效期,模型更聚焦,摘要可能遗漏信号,字段遵循率、重复错误率
选题池规模,Prompt 3,每个模型12池+6卡，产量过大导致后续平均化,开放发散,,改为先广发散后只交付8池+4卡,,新增淘汰理由短表,减少低质量候选和审查负担,创意覆盖略降,候选采用率、重复率
市场入口权重,Prompt 3,故事潜力与创新权重高，标题封面能力仍不够前置,三秒理解和主要承诺,,改写为封面关系、标题承诺、前4张回报三联测试,,新增起号线标签,避免适合写故事但不适合点击的主题,可能诱发标题党,CTR与承诺兑现差
结构距离,Prompt 3,过早追求与近期作品拉开距离，可能每篇重新教育用户,高权重换皮去重,,改为只惩罚核心组合重复,从创作前硬偏好移到融合审查,新增成熟需求复用许可,保留用户合同,风格趋同风险,近3篇入口重复率与数据
创作者偏好隔离,Prompt 3,个人审美与市场规律在同一输入中，模型容易无证据加分,创作方向作为实验池,,改为偏好只决定实验配额,,新增市场证据列,减少自我验证,个人表达释放变慢,三线采用率
记录门槛,Prompt 3/融合选题,最低充分记录是正确方向,R1-R3与四问,,改写为只判通过/改造/不通过,,新增“能否降一档”反问,防止调查报告化,过低可能穿帮,记录穿帮人工评分
深层情绪,Prompt 3,非恐惧题材容易因“情绪发动机”被提前写成意义主题,情绪发动机概念,,改为先写用户等待，再写可能情绪落点,,新增“删除意义后表层是否成立”,防自我感动,情绪厚度可能下降,收藏/分享与浏览平衡
选题评分结构,融合审查-选题,现有评分较均衡，不符合起号期漏斗,安全门禁和去重,,改为入口30/中前段25/结果20/转述10/制作10/创新5,,新增稳定/增长/实验分轨,提高流量确定性,创新被低估,各分轨CTR与浏览
记录不加分,融合审查-选题,设备与档案丰富仍可能被评为更可信,四问门禁,,明确达到阈值后边际分为0,,新增记录过建扣分,降低报告化,极少数取证题材受限,设备画面占比
成熟市场路线,融合审查-选题,多样性可能强制保留低市场确定性主题,整批多样性,,改为分轨内多样、跨轨配额,,新增60/30/10推荐,起号阶段更稳,样本固化风险,10篇窗口结果
二次筛选,Prompt 4之前,高潜主题直接进入重型故事开发，浪费成本,,,,新增一步“12节拍市场梗概”,,先验证故事发动机,可能压缩复杂好故事,梗概淘汰率
路线数量,Prompt 4,五路线固定并跑会制造差异性任务,路线库,,改为标准3路：市场成熟/情绪增长/大胆实验；D按题材调用,五路线移至深研模式,,更接近实际内容策略,路线覆盖下降,路线采用率
输出模块,Prompt 4,17模块让文案像策划案，诱导过度完整,三系统合同、换挡、结果,,压缩为8模块,细节审查移到融合层,新增12节拍故事骨架,降低人机感和冗余,审查信息减少,字数、采用率、重写次数
子路线发散,Prompt 4,指定路线内再要求3个子路线，注意力分散,,删除强制3子路线,,仅不确定时内部比较,,保留创作专注,可能早收敛,成稿一致性
不可逆选择,Prompt 4,仍可能被模型理解为每篇硬要求,能动性阶梯,,改写为人物型条件项；过程/重分类型可豁免,,新增故事类型分流合同,避免任务化,部分故事人物变弱,人物删除测试
中段换挡,Prompt 4,“必须换挡”可能机械反转,问题变化原则,,改为“等待问题、关系或过程阶段至少一项改变”,,新增自然升级豁免,保留活性但减少模板,平淡风险,中点人工评分
深层意义,Prompt 4,三系统与意义承载可能诱导每篇都立意,禁止作者总结,,改为意义可为空；先完成事件,,新增“意义不生产测试”,减少自我感动,品牌表达变薄,点赞/收藏/分享结构
结尾,Prompt 4,结尾类型自由度改善，但仍可能被要求完整回收,表层承诺完成,,改为允许记录缺口和局部停止,,新增“答案足够即停”,更自然、更像记录,用户可能觉得没讲完,末段浏览/评论
文案生成,Prompt 4,完整解说文案与故事设计同模型同轮输出，容易说明书化,叙述者身份,,移动到故事冻结后的独立文案环节,从Prompt4移出完整文案,新增口语重述测试,提升真人感,上下游增加一步,文案展开率、人工人机评分
融合优先级,融合审查-故事,逻辑闭环权重可能高于市场效率,完整骨架优先、最多2移植,,改为先评首屏/前半段/结果，再评深层完整,,新增市场损耗警报,防越审越工整,可能保留小瑕疵,融合前后CTR预测差
停止条件,融合审查-故事,缺少“已经足够，不要继续优化”,最多2移植,,,新增充分性停止门,减少规则和尾钩过载,可能漏修隐患,融合修改次数,
自然不完整,融合审查-故事,审查容易把信息缺口视为缺陷,表层承诺完成,,改写为只修影响理解的缺口,,新增纪录缺口保护,保留人格和真实感,逻辑争议增加,评论解释质量
声音保护,融合审查-故事,融合会把不同方案语气平均化,单骨架,,改为禁止统一润色叙述人格,,新增声音保真检查,减少AI统一腔,文案不够整齐,真人感盲评
视觉分档,Prompt 5,统一真实影像要求仍可能把所有作品做成专业纪录片,记录等级,,改写为W1粗粝亲历/W2工作纪录/W3档案复原,,新增视觉语法选择,题材与画面更匹配,风格管理复杂,真实感盲评
提示词长度,Prompt 5,逐张提示词过长，重复真实感形容词,纯正向协议、连续锚点,,压缩为媒介/主体动作/核心事实/接触/锚点/成像六段,,新增短提示词上限,减少模型注意力稀释,控制不足,返修率
单张信息,Prompt 5,“恰好一个变化”可能清空现实杂讯,一个主要可命名变化,,改为一个主要新增事实+自然背景信息,,新增现实杂讯预算,更像现场,画面可能过杂,手机尺寸可读率
受控不完美,Prompt 5,构图、光线、人物状态仍过于专业稳定,设备成像推导,,改写为按媒介允许偏斜、遮挡、曝光波动和对焦迟疑,,新增不完美预算,降低影视剧照感,核心信息变糊,封面/高潮清晰率
面部策略,Prompt 5,背影侧脸习惯可能削弱关系与情绪,连续性策略,,改为按故事选择；情绪型允许少量正脸自然近景,,新增脸部使用理由,增强人物情绪,人物一致性风险,人物返修率
参考图,Prompt 5,固定身份照可能导致资料照感,角色识别锚点,,改为身份参考+动作参考+环境状态参考分开,,新增动态状态表,人物更自然,制作成本增加,动作穿帮率
图数,Prompt 5,18-32仍只是宽带，可能继续拉长,动态推导,,改为先用12-18个状态事件，再按桥接增图,,新增删图测试,减少冗长,复杂故事被压缩,平均浏览张数
文案图文分工,Prompt 5/发布包装,引导词可能解释过多,图片承担核心事实,,改为只在理解断点使用引导词,,新增无文字试播和有文字试播,提高翻图动力,少数用户看不懂,浏览比例、评论求解
发布包装,独立模块,标题、首行、置顶评论与故事生成混在Prompt5,事件命名按需,,移动为独立发布包装模块,,新增三种标题测试与置顶评论角色,便于单变量测试,流程增加一步,CTR、评论转化
近期作品窗口,跨文件合同,去重窗口容易压制成熟入口复用,高权重结构去重,,改为区分账号资产与剧情换皮,,新增用户合同重复许可,提高识别度,同质化风险,近10篇结构分布
数据反馈,跨文件合同,把完整复盘喂给模型会产生锚定,证据等级,,改为事实/稳定相关/假设三层摘要,,新增过期机制,减少旧结论固化,摘要维护成本,提示遵循稳定性
回归测试,离线测试,只检验路线分化，市场效率不足,五路线差异测试,,改写为同时测入口、简洁度、问题换挡和结果,,新增盲评小组,避免“不同但都不好”,主观评估成本,盲评继续观看率
