author,title,publish_date,collect_date,likes,comments,saves,shares,image_count,has_mp3,mp4_count,commit,source_commit_url,topic,main_emotion,entry,title_type,ending,record_style,notes,publish_dt,collect_dt,age_days,comments_per_like,saves_per_like,shares_per_like,deep_interactions,deep_per_like,likes_per_day_proxy,like_rank,share_rank,save_rank,comment_rank,author_sequence,prev_likes,likes_change_pct_vs_prev,within_author_like_percentile
L-Ruins,西藏洞窟与坛子,2026-07-14 12:00:00,2026-07-30,309,5,47,22,11,True,0,1796fc20531ca1f68d67301cd44db7a5b5b6c1b5,https://github.com/houghtongasthini-max/xiaoshujiang/commit/1796fc20531ca1f68d67301cd44db7a5b5b6c1b5,洞穴民俗,微恐,旅行进洞,第一人称经历,骨灰/失踪,手机亲历,,2026-07-14 12:00:00,2026-07-30,15.5,0.0161812297734627,0.1521035598705501,0.0711974110032362,74,0.2394822006472491,19.93548387096774,48,48,49,49,1,,,14.285714285714285
L-Ruins,废弃木屋笔仙,2026-07-16 08:00:00,2026-07-30,587,14,142,144,17,True,0,e9c6e525deb70d8ad85b80bd619ab346fdeafd5d,https://github.com/houghtongasthini-max/xiaoshujiang/commit/e9c6e525deb70d8ad85b80bd619ab346fdeafd5d,都市传说/仪式,微恐,朋友探险,第一人称经历,同伴消失,手机亲历,,2026-07-16 08:00:00,2026-07-30,13.666666666666666,0.0238500851788756,0.24190800681431,0.2453151618398637,300,0.5110732538330494,42.95121951219512,42,38,40,44,2,309.0,89.96763754045307,57.14285714285714
L-Ruins,宝鸡危险山脊冰湖,2026-07-17 09:21:46,2026-07-30,477,11,73,37,29,True,0,5105bb6a74d0a8c657152146f3fdd65430a26a0d,https://github.com/houghtongasthini-max/xiaoshujiang/commit/5105bb6a74d0a8c657152146f3fdd65430a26a0d,登山/冰湖,生存恐惧,暴风雪迷路,第一人称经历,尸体规模揭示,手机亲历,,2026-07-17 09:21:46,2026-07-30,12.60988425925926,0.0230607966457023,0.1530398322851153,0.0775681341719077,121,0.2536687631027253,37.827468531263136,45,44,46,47,3,587.0,-18.73935264054515,35.714285714285715
L-Ruins,狐仙庙铜铃,2026-07-19 07:00:00,2026-07-30,581,17,62,36,19,True,0,2bf2f4b7bbcd0d01dbdee917b4f2e87b9e5a71b7,https://github.com/houghtongasthini-max/xiaoshujiang/commit/2bf2f4b7bbcd0d01dbdee917b4f2e87b9e5a71b7,民俗怪谈,微恐,旅行误触禁忌,第一人称经历,规则惩罚,手机亲历,,2026-07-19 07:00:00,2026-07-30,10.708333333333334,0.0292598967297762,0.1067125645438898,0.0619621342512908,115,0.1979345955249569,54.2568093385214,43,45,47,42,4,477.0,21.802935010482184,50.0
L-Ruins,云贵散心之旅与古滇秘藏,2026-07-20 07:00:32,2026-07-30,2419,98,359,559,23,True,0,609e54fd70290191e9cf5eb7412734f5325c4add,https://github.com/houghtongasthini-max/xiaoshujiang/commit/609e54fd70290191e9cf5eb7412734f5325c4add,洞穴寻宝,贪欲+恐惧,旅行发现洞口,第一人称经历,逃离/法律风险,手机亲历,,2026-07-20 07:00:32,2026-07-30,9.707962962962965,0.0405126085159156,0.1484084332368747,0.2310872261264985,1016,0.4200082678792889,249.17688800717244,32,30,37,30,5,581.0,316.3511187607573,85.71428571428571
L-Ruins,西藏无人山路的人面熊,2026-07-21 06:56:55,2026-07-30,41165,1270,5025,7876,25,True,0,21a728e2a6e305bfa396d1913a59a991ed97a0c3,https://github.com/houghtongasthini-max/xiaoshujiang/commit/21a728e2a6e305bfa396d1913a59a991ed97a0c3,旅行/不明生物,微恐+身份重分类,旅行者遇到求助者,第一人称经历,人变怪物/身份确认,手机亲历,,2026-07-21 06:56:55,2026-07-30,8.710474537037037,0.0308514514757682,0.1220697194218389,0.1913275841127171,14171,0.3442487550103243,4725.919331371208,14,11,14,3,6,2419.0,1601.736254650682,100.0
L-Ruins,考古毕业实习与尸解仙,2026-07-23 08:43:51,2026-07-30,898,30,193,88,20,True,0,6f2c09feac0e90834c713a80e919f811c272b5c2,https://github.com/houghtongasthini-max/xiaoshujiang/commit/6f2c09feac0e90834c713a80e919f811c272b5c2,考古/仙道,奇幻恐惧,毕业实习,第一人称经历,仪式失控,手机亲历,,2026-07-23 08:43:51,2026-07-30,6.636215277777778,0.0334075723830735,0.2149220489977728,0.0979955456570155,311,0.3463251670378619,135.3180935837131,40,40,38,39,7,41165.0,-97.81853516336693,64.28571428571429
L-Ruins,天狗食日与狼兽,2026-07-24 00:00:00,2026-07-30,1809,82,681,265,27,True,0,2db03933116cc46887c99e93f7f5a4d4f7484521,https://github.com/houghtongasthini-max/xiaoshujiang/commit/2db03933116cc46887c99e93f7f5a4d4f7484521,天象民俗,微恐+奇观,日食观测,第一人称经历,群体规模揭示,手机亲历,,2026-07-24 00:00:00,2026-07-30,6.0,0.0453289110005527,0.3764510779436152,0.146489773355445,1028,0.568269762299613,301.5,35,36,29,31,8,898.0,101.44766146993321,78.57142857142857
L-Ruins,2004除夕夜的夕兽,2026-07-24 18:30:00,2026-07-30,7224,140,2436,744,28,True,0,edb71d4fe376491734f7a29df63a16efe8d85604,https://github.com/houghtongasthini-max/xiaoshujiang/commit/edb71d4fe376491734f7a29df63a16efe8d85604,节日民俗,恐惧+怀旧,童年除夕梦,第一人称回忆,物件留存/民俗解释,梦境回忆,,2026-07-24 18:30:00,2026-07-30,5.229166666666667,0.0193798449612403,0.3372093023255814,0.1029900332225913,3320,0.459579180509413,1381.4820717131474,26,27,19,25,9,1809.0,299.33665008291877,92.85714285714286
L-Ruins,深圳人鱼洞,2026-07-25 12:10:32,2026-07-30,553,13,160,55,24,True,0,c2658ef9b590b3d4ff45db99c13ae935d65360e6,https://github.com/houghtongasthini-max/xiaoshujiang/commit/c2658ef9b590b3d4ff45db99c13ae935d65360e6,洞穴/人鱼,猎奇恐惧,海边探洞,第一人称经历,美好破裂/怪物显形,手机亲历,,2026-07-25 12:10:32,2026-07-30,4.492685185185185,0.023508137432188,0.2893309222423146,0.0994575045207956,228,0.4122965641952983,123.0889717854125,44,41,39,46,10,7224.0,-92.34496124031007,42.857142857142854
L-Ruins,深山古寨情蛊,2026-07-26 06:00:00,2026-07-30,413,3,94,47,20,True,0,1b4105a306c04cb2aee8ffd67caf932e92695b42,https://github.com/houghtongasthini-max/xiaoshujiang/commit/1b4105a306c04cb2aee8ffd67caf932e92695b42,民俗诅咒,微恐,采风进寨,第一人称经历,逃离+总结,手机亲历,,2026-07-26 06:00:00,2026-07-30,3.75,0.0072639225181598,0.2276029055690072,0.1138014527845036,144,0.3486682808716707,110.13333333333334,46,42,44,50,11,553.0,-25.31645569620253,28.57142857142857
L-Ruins,老家后山回来老屋变荒坟,2026-07-27 11:46:14,2026-07-30,1432,74,418,443,21,True,0,dd0944eb71e246c7fdafbeaa8817739726f2a583,https://github.com/houghtongasthini-max/xiaoshujiang/commit/dd0944eb71e246c7fdafbeaa8817739726f2a583,故乡/坟地,微恐+乡愁,返乡,第一人称经历,空间重分类,手机亲历,,2026-07-27 11:46:14,2026-07-30,2.509560185185185,0.0516759776536312,0.2918994413407821,0.3093575418994413,935,0.6529329608938548,570.6179148257129,37,32,34,32,12,413.0,246.73123486682812,71.42857142857143
L-Ruins,18岁杀蛇后蛇站着等我,2026-07-28 10:05:54,2026-07-30,87,6,22,9,23,True,0,27998a5fee5ab28021f5684e0892a56bdb7976e9,https://github.com/houghtongasthini-max/xiaoshujiang/commit/27998a5fee5ab28021f5684e0892a56bdb7976e9,报复怪谈,微恐,日常杀蛇,第一人称经历,梦境纠缠,手机+梦境,,2026-07-28 10:05:54,2026-07-30,1.579236111111111,0.0689655172413793,0.2528735632183908,0.1034482758620689,37,0.425287356321839,55.08992568488633,51,49,50,48,13,1432.0,-93.92458100558659,7.142857142857142
L-Ruins,红眼绿鼻子老毛猴,2026-07-29 12:15:24,2026-07-30,410,16,96,35,19,True,0,65f385000273af0169fce98eb4fdb7cfb3ef5e94,https://github.com/houghtongasthini-max/xiaoshujiang/commit/65f385000273af0169fce98eb4fdb7cfb3ef5e94,童谣怪物,微恐,夜路规则,第一人称经历,怪物显形/获救,手机亲历,,2026-07-29 12:15:24,2026-07-30,0.4893055555555555,0.0390243902439024,0.2341463414634146,0.0853658536585365,147,0.3585365853658536,837.9222253761,47,46,43,43,14,87.0,371.2643678160919,21.428571428571427
Zayn,痴迷：榕树结发,2026-07-15 13:15:30,2026-07-30,859,52,104,463,22,True,0,0098e381c27ccdc2b95c718b9d61a33b87fcf4b7,https://github.com/houghtongasthini-max/xiaoshujiang/commit/0098e381c27ccdc2b95c718b9d61a33b87fcf4b7,民俗情感污染,微恐+厌恶,异常档案,档案标题,规则扩散/不可逆,档案重建,,2026-07-15 13:15:30,2026-07-30,14.447569444444444,0.0605355064027939,0.1210710128055879,0.5389988358556461,619,0.7206053550640279,59.45636761277608,41,31,42,38,1,,,6.666666666666667
Zayn,东方红太阳·钢铁洪流,2026-07-16 07:00:00,2026-07-30,1261,26,90,33,20,True,0,d355129fc8d1fa876640fa76c73b7ad0bb8709aa,https://github.com/houghtongasthini-max/xiaoshujiang/commit/d355129fc8d1fa876640fa76c73b7ad0bb8709aa,灾难救援/家国,荣耀+希望,洪水灾害,文学短标题,救援完成,电影感纪实,,2026-07-16 07:00:00,2026-07-30,13.708333333333334,0.0206185567010309,0.0713719270420301,0.0261697065820777,149,0.1181601903251387,91.98784194528876,38,47,45,40,2,859.0,46.79860302677532,20.0
Zayn,林宅墙中之鼠,2026-07-16 13:47:38,2026-07-30,11005,110,1839,1771,25,True,0,56cdf0556d4ecb8aa772d057a9b090d5d71d727c,https://github.com/houghtongasthini-max/xiaoshujiang/commit/56cdf0556d4ecb8aa772d057a9b090d5d71d727c,宗族克苏鲁,恐惧+疯狂,虚构档案,档案标题,污染持续/墙后余味,档案重建,,2026-07-16 13:47:38,2026-07-30,13.42525462962963,0.0099954566106315,0.1671058609722853,0.1609268514311676,3720,0.3380281690140845,819.7237448079301,23,23,23,27,3,1261.0,772.7200634417128,73.33333333333333
Zayn,1992异彩污染事件,2026-07-17 07:00:01,2026-07-30,10193,271,2036,1381,26,True,0,1d6ca09a0a4cc454f038a78251ff43213581f042,https://github.com/houghtongasthini-max/xiaoshujiang/commit/1d6ca09a0a4cc454f038a78251ff43213581f042,生态污染/档案,敬畏+恐惧,基层调查胶片,档案标题,未知经过/开放,胶片档案,,2026-07-17 07:00:01,2026-07-30,12.70832175925926,0.026586873344452,0.1997449229863631,0.1354851368586284,3688,0.3618169331894437,802.072861632843,25,24,21,19,4,11005.0,-7.378464334393453,60.0
Zayn,海渊371绝对坠落,2026-07-19 07:00:00,2026-07-30,41967,564,8477,3749,29,True,0,acc91efa032c6cfc42e313356d87d83acdf61bbc,https://github.com/houghtongasthini-max/xiaoshujiang/commit/acc91efa032c6cfc42e313356d87d83acdf61bbc,深海科考/古城,敬畏+悲壮,失联潜水器档案,事件标题,主动走入巨城,回收影像档案,,2026-07-19 07:00:00,2026-07-30,10.708333333333334,0.0134391307455858,0.201992041365835,0.0893320942645411,12790,0.304763266375962,3919.097276264591,13,18,4,14,5,10193.0,311.72373197292256,93.33333333333333
Zayn,时代的异乡人,2026-07-20 07:00:00,2026-07-30,10684,252,1179,2003,25,True,0,ad2500d8baafb0ef3251b4a295591794b3ec581d,https://github.com/houghtongasthini-max/xiaoshujiang/commit/ad2500d8baafb0ef3251b4a295591794b3ec581d,时代错位/工人,悲伤+微恐,旧监控回归,概念标题,自我身份确认,监控+档案,,2026-07-20 07:00:00,2026-07-30,9.708333333333334,0.0235866716585548,0.1103519281168101,0.1874766005241482,3434,0.3214152002995133,1100.4978540772531,24,22,28,20,6,41967.0,-74.54190197059593,66.66666666666666
Zayn,绝户岭怪谈,2026-07-21 07:00:00,2026-07-30,33573,363,5483,5211,27,True,0,ae929d53d4bdc06c5f0285bb9fdb939a462df821,https://github.com/houghtongasthini-max/xiaoshujiang/commit/ae929d53d4bdc06c5f0285bb9fdb939a462df821,山村克苏鲁,恐惧+奇观,历史档案,概念标题,巨物显形/消失,档案重建,,2026-07-21 07:00:00,2026-07-30,8.708333333333334,0.0108122598516665,0.1633157596878444,0.1552140112590474,11057,0.3293420307985583,3855.272727272727,15,14,11,18,7,10684.0,214.23624110819918,86.66666666666667
Zayn,尤阁寨的羽化,2026-07-22 07:00:00,2026-07-30,70797,1814,7592,27728,28,True,0,1d8f48d92d14e26510ce6ab45a0159ef0ce7a551,https://github.com/houghtongasthini-max/xiaoshujiang/commit/1d8f48d92d14e26510ce6ab45a0159ef0ce7a551,心理/生物档案,恐惧+真伪争议,回收相机底片,概念标题,照片并非光学记录,相机档案,,2026-07-22 07:00:00,2026-07-30,7.708333333333333,0.0256225546280209,0.1072361823241097,0.3916550136305211,37134,0.5245137505826518,9184.475675675676,5,2,6,2,8,33573.0,110.87481011527119,100.0
Zayn,绝对拟合,2026-07-23 07:00:00,2026-07-30,1176,54,138,128,28,True,0,34c5c4b8630dd6033a0e13f5fb8c1f48e4a024cb,https://github.com/houghtongasthini-max/xiaoshujiang/commit/34c5c4b8630dd6033a0e13f5fb8c1f48e4a024cb,程序/现实异常,认知恐惧,量化模型异常,概念标题,人物数据化,电脑+档案,,2026-07-23 07:00:00,2026-07-30,6.708333333333333,0.0459183673469387,0.1173469387755102,0.1088435374149659,320,0.272108843537415,175.30434782608697,39,39,41,37,9,70797.0,-98.33891266579093,13.333333333333334
Zayn,绝对沉浸,2026-07-24 07:00:00,2026-07-30,4543,119,673,621,23,True,0,a94420b79ba29c98145e8ebf423164a329b7e43d,https://github.com/houghtongasthini-max/xiaoshujiang/commit/a94420b79ba29c98145e8ebf423164a329b7e43d,虚拟世界/社会科幻,不安+悲凉,沉浸系统醒来,概念标题,人类主动放弃现实,系统记录,,2026-07-24 07:00:00,2026-07-30,5.708333333333333,0.0261941448382126,0.1481399955976227,0.1366938146599163,1413,0.3110279550957517,795.8540145985402,30,29,30,26,10,1176.0,286.3095238095238,46.666666666666664
Zayn,桃花源记,2026-07-25 10:42:32,2026-07-30,6345,107,1422,400,26,True,0,0cc6b85c102d6e80f2503f0aef684311758f12dc,https://github.com/houghtongasthini-max/xiaoshujiang/commit/0cc6b85c102d6e80f2503f0aef684311758f12dc,空间误入/巨构,敬畏+恐惧,戈壁自驾误入,共知母题标题,乐土重分类为牢笼,调查档案,,2026-07-25 10:42:32,2026-07-30,4.553796296296296,0.0168636721828211,0.2241134751773049,0.0630417651694247,1929,0.3040189125295508,1393.3429576462456,28,33,25,29,11,4543.0,39.66541932643628,53.333333333333336
Zayn,潮下之城,2026-07-26 07:00:00,2026-07-30,2208,74,366,267,39,True,0,eb4b0135899bcccdb6f66abeb12d9a2535c69b67,https://github.com/houghtongasthini-max/xiaoshujiang/commit/eb4b0135899bcccdb6f66abeb12d9a2535c69b67,多年代调查/克苏鲁,悬疑+恐惧,亲属追查死亡,IP标题,呼唤扩散/追杀,多源档案,,2026-07-26 07:00:00,2026-07-30,3.7083333333333335,0.0335144927536231,0.1657608695652173,0.1209239130434782,707,0.3201992753623188,595.4157303370786,34,35,36,32,12,6345.0,-65.20094562647753,26.666666666666668
Zayn,白城入梦事件,2026-07-27 10:40:00,2026-07-30,2415,57,389,191,23,True,0,482166fd02d4cb0370868d5bd183181305dea6e1,https://github.com/houghtongasthini-max/xiaoshujiang/commit/482166fd02d4cb0370868d5bd183181305dea6e1,梦境/身份替换,认知恐惧,连续做梦,档案标题,人物被城收录,照片+档案,,2026-07-27 10:40:00,2026-07-30,2.555555555555556,0.0236024844720496,0.1610766045548654,0.0790890269151138,637,0.263768115942029,945.0,33,37,35,36,13,2208.0,9.375,33.33333333333333
Zayn,槐阴村的诅咒,2026-07-28 07:00:00,2026-07-30,4088,66,646,745,26,True,0,c6a6767ac36698d76bb2e2e704456f7e8fb0a097,https://github.com/houghtongasthini-max/xiaoshujiang/commit/c6a6767ac36698d76bb2e2e704456f7e8fb0a097,村庄冲突/疾病,恐惧+仇恨,调查牲畜失血,档案标题,群体冲突爆发,调查档案,,2026-07-28 07:00:00,2026-07-30,1.7083333333333333,0.0161448140900195,0.1580234833659491,0.1822407045009784,1457,0.3564090019569471,2392.9756097560976,31,26,31,34,14,2415.0,69.27536231884058,40.0
Zayn,神秘岛,2026-07-29 07:00:00,2026-07-30,17364,865,2293,4052,28,True,0,e0a0682a9878103fd1b2ecc6c5d1891603890a13,https://github.com/houghtongasthini-max/xiaoshujiang/commit/e0a0682a9878103fd1b2ecc6c5d1891603890a13,异兽岛/巨物,敬畏+恐惧,台风后登岛调查,直接概念标题,岛屿是生命体,调查+无人机,,2026-07-29 07:00:00,2026-07-30,0.7083333333333334,0.0498157106657452,0.1320548260769408,0.2333563695001151,7210,0.4152269062428012,24513.88235294117,18,17,20,8,15,4088.0,324.7553816046967,80.0
怪诞收容局,一夜复燃的长城烽火,2026-07-23 23:09:25,2026-07-30,6587,60,1680,361,30,True,0,8137949b9df537830277a45da27b3d2a3cb87cc7,https://github.com/houghtongasthini-max/xiaoshujiang/commit/8137949b9df537830277a45da27b3d2a3cb87cc7,历史幻想/家国,敬畏+悲壮+荣耀,巡护站报警,事件型长标题,归队/情感闭合,工作记录+无人机,,2026-07-23 23:09:25,2026-07-30,6.035127314814815,0.0091088507666616,0.255047821466525,0.054804918779414,2101,0.3189615910126006,1091.4434205605685,27,34,24,35,1,,,100.0
怪诞收容局,零号线：下一站，遗忘,2026-07-24 21:36:01,2026-07-30,266,14,52,8,24,True,0,249b7be9a30d13c7523afec5889d77c12826748b,https://github.com/houghtongasthini-max/xiaoshujiang/commit/249b7be9a30d13c7523afec5889d77c12826748b,都市情感奇幻,治愈+遗憾,加班者误上地铁,概念+解释长标题,完整成长/出版,第三人称剧本化,,2026-07-24 21:36:01,2026-07-30,5.099988425925926,0.0526315789473684,0.1954887218045112,0.0300751879699248,74,0.2781954887218045,52.15698111152213,49,50,48,44,2,6587.0,-95.96174282678001,66.66666666666666
怪诞收容局,父亲的棺材里装着我今日的衣服,2026-07-25 15:20:37,2026-07-30,43,3,11,2,26,True,0,97033ecb5355c96cde8656ac1c12093b58f75771,https://github.com/houghtongasthini-max/xiaoshujiang/commit/97033ecb5355c96cde8656ac1c12093b58f75771,亲情民俗/代际,恐惧+亲情+释然,迁坟开棺,强物件标题,终止代际替死,第三人称剧本化,,2026-07-25 15:20:37,2026-07-30,4.36068287037037,0.0697674418604651,0.2558139534883721,0.0465116279069767,16,0.3720930232558139,9.860840899982218,52,52,52,50,3,266.0,-83.83458646616542,33.33333333333333
怪诞收容局,在万米海底接上师傅没修完的光缆,2026-07-26 00:23:58,2026-07-30,1781,18,575,41,21,True,0,0b7f53b34c7a3c150906252d6f2612f630f337c2,https://github.com/houghtongasthini-max/xiaoshujiang/commit/0b7f53b34c7a3c150906252d6f2612f630f337c2,深海科幻/传承,敬畏+传承,维修全球光缆,任务结果长标题,系统接通/情感闭合,任务相机+剧本,,2026-07-26 00:23:58,2026-07-30,3.9833564814814815,0.0101066816395283,0.3228523301516002,0.0230207748455923,634,0.3559797866367209,447.1103724408854,36,43,32,41,4,43.0,4041.8604651162786,83.33333333333334
怪诞收容局,当天气预报百分百正确,2026-07-28 11:32:28,2026-07-30,114,1,22,2,28,True,0,1724a97997097cc5c9dec8ebcd31eb7e06a4e5d7,https://github.com/houghtongasthini-max/xiaoshujiang/commit/1724a97997097cc5c9dec8ebcd31eb7e06a4e5d7,规则奇幻/群体政治,悬疑+责任+释然,气象员预报成真,概念标题,权力去中心化,第三人称剧本化,,2026-07-28 11:32:28,2026-07-30,1.5191203703703704,0.0087719298245614,0.1929824561403508,0.0175438596491228,25,0.219298245614035,75.04342790966994,50,52,50,53,5,1781.0,-93.59910162829871,50.0
怪诞收容局,格式化前旧手机把没发出的话发出,2026-07-29 16:00:54,2026-07-30,9,3,0,3,28,True,0,47ab3399eafa0f9da57b3b0aeee5a7fa12d52c2e,https://github.com/houghtongasthini-max/xiaoshujiang/commit/47ab3399eafa0f9da57b3b0aeee5a7fa12d52c2e,亲情奇幻/旧设备,温情+遗憾,回收厂手机自播,结果型长标题,活人关系修复,工作记录+情感剧本,,2026-07-29 16:00:54,2026-07-30,0.3327083333333333,0.3333333333333333,0.0,0.3333333333333333,6,0.6666666666666666,27.050720100187853,53,51,53,50,6,114.0,-92.10526315789474,16.666666666666664
浮光纪事,老师失踪两年后，我在藏北发现了…,2026-07-20 14:09:51,2026-07-30,85817,845,8471,25333,27,True,0,c8ba9f97b6b4173fed511c0554e184c5f235f3e9,https://github.com/houghtongasthini-max/xiaoshujiang/commit/c8ba9f97b6b4173fed511c0554e184c5f235f3e9,师生/藏北探索,悬疑+悲伤+敬畏,寻找失踪老师,关系结果型,遗留证据+开放,亲历调查,,2026-07-20 14:09:51,2026-07-30,9.409826388888888,0.0098465339035389,0.0987100457951221,0.2951979211578125,34649,0.4037545008564737,9119.934465670123,2,3,5,9,1,,,100.0
浮光纪事,第一次田野调查，我们发现了…,2026-07-21 19:25:19,2026-07-30,12673,714,1283,8693,36,True,0,8c52872618b0fea18afd91ebf1d08d4da2e84a1f,https://github.com/houghtongasthini-max/xiaoshujiang/commit/8c52872618b0fea18afd91ebf1d08d4da2e84a1f,地质调查/未知空间,悬疑+敬畏,专业田野调查,经历式长标题,更大未知/开放,工作纪录+多源,,2026-07-21 19:25:19,2026-07-30,8.190752314814814,0.056340250927168,0.1012388542570819,0.6859465004339935,10690,0.8435256056182435,1547.2327220880595,22,10,26,11,2,85817.0,-85.23252968526049,33.33333333333333
浮光纪事,二手CCD未清存储卡,2026-07-23 12:26:46,2026-07-30,84199,1135,5938,15558,25,True,4,9b6555077bf04dd5e7e536f369002b5c65e1eb6e,https://github.com/houghtongasthini-max/xiaoshujiang/commit/9b6555077bf04dd5e7e536f369002b5c65e1eb6e,旧影像/空间异常,悬疑+认知不安,买到二手相机,物件异常型,现实重分类,旧影像+亲历,,2026-07-23 12:26:46,2026-07-30,6.481412037037037,0.0134799700709034,0.0705234028907706,0.1847765412890889,22631,0.2687799142507631,12990.842044736191,3,6,9,5,3,12673.0,564.3967489939241,66.66666666666666
鼠鼠脑洞批发,东南亚海钓暴风雨,2026-07-10 12:18:04,2026-07-30,76543,1040,5581,15564,21,True,0,f2746f182c4be8964246e8b9e3bffb03cffca11a,https://github.com/houghtongasthini-max/xiaoshujiang/commit/f2746f182c4be8964246e8b9e3bffb03cffca11a,海洋探险,恐惧+敬畏,留学生海钓,第一人称前提,未知海上结果,亲历记录,,2026-07-10 12:18:04,2026-07-30,19.487453703703704,0.0135871340292384,0.072913264439596,0.2033366865683341,22185,0.2898370850371686,3927.809202977224,4,5,10,7,1,,,93.33333333333333
鼠鼠脑洞批发,奈良樱花岔路与河神,2026-07-11 17:04:42,2026-07-30,55771,840,5457,12046,22,True,0,8178be55d206a6c56b8a9d0adc8bbf0344f18545,https://github.com/houghtongasthini-max/xiaoshujiang/commit/8178be55d206a6c56b8a9d0adc8bbf0344f18545,旅行/神怪,微恐+浪漫,同学旅行,第一人称前提,神灵惩罚/余味,亲历记录,,2026-07-11 17:04:42,2026-07-30,18.288402777777776,0.0150615911495221,0.0978465510749314,0.2159903892704093,18343,0.3288985314948629,3049.528199792674,9,7,12,10,2,76543.0,-27.137687313013604,66.66666666666666
鼠鼠脑洞批发,巴尔干村庄,2026-07-13 08:04:31,2026-07-30,12921,248,1201,2039,21,True,0,57a7405ea68a8acd43b6c198d0ae94fbd4f0a50e,https://github.com/houghtongasthini-max/xiaoshujiang/commit/57a7405ea68a8acd43b6c198d0ae94fbd4f0a50e,海外旅行/村庄,微恐,车辆故障误入村庄,第一人称前提,村庄真相/逃离,亲历记录,,2026-07-13 08:04:31,2026-07-30,16.66353009259259,0.0191935608699017,0.0929494621159353,0.157805123442458,3488,0.269948146428295,775.4059270876672,21,21,27,21,3,55771.0,-76.83204532821716,13.333333333333334
鼠鼠脑洞批发,舟山海洋调查与UFO,2026-07-14 11:51:09,2026-07-30,45084,480,5971,4234,27,True,0,7dda72300b3d743ddacc805d2758425560c4fae8,https://github.com/houghtongasthini-max/xiaoshujiang/commit/7dda72300b3d743ddacc805d2758425560c4fae8,海洋科研/科幻,悬疑+敬畏,大学生海洋调查,第一人称前提,非人造物确认,工作记录,,2026-07-14 11:51:09,2026-07-30,15.506145833333331,0.010646792653713,0.1324416644485848,0.0939135835329607,10685,0.2370020406352586,2907.4923249518,12,16,8,15,4,12921.0,248.920362201068,46.666666666666664
鼠鼠脑洞批发,南极冬季观测,2026-07-15 11:43:47,2026-07-30,45658,614,5103,5544,30,True,0,228ad18d64618dd1c869be00c3031d97d2c942c5,https://github.com/houghtongasthini-max/xiaoshujiang/commit/228ad18d64618dd1c869be00c3031d97d2c942c5,极地科研,悬疑+敬畏,研究生冬季观测,第一人称前提,异常规模确认,工作记录,,2026-07-15 11:43:47,2026-07-30,14.511261574074076,0.0134478076131236,0.1117657365631433,0.121424503920452,11261,0.246638048096719,3146.383914791593,11,13,13,12,5,45084.0,1.2731789548398487,53.333333333333336
鼠鼠脑洞批发,哀牢山登山与未知生物,2026-07-16 13:15:43,2026-07-30,65472,1087,6280,10970,27,True,0,20b53190d818132458bdf05f4499598e67a1ace3,https://github.com/houghtongasthini-max/xiaoshujiang/commit/20b53190d818132458bdf05f4499598e67a1ace3,山地探险,恐惧+敬畏,学生户外调查,第一人称前提,巨物/神话重分类,亲历记录,,2026-07-16 13:15:43,2026-07-30,13.447418981481482,0.0166025171065493,0.0959188660801564,0.167552541544477,18337,0.2800739247311828,4868.740989639861,8,8,7,6,6,45658.0,43.39655701081957,73.33333333333333
鼠鼠脑洞批发,日本黑帮卖花,2026-07-18 11:32:43,2026-07-30,69626,365,9601,5889,24,True,0,e15cc523f42e0d3c6a939217dc4d617417f84689,https://github.com/houghtongasthini-max/xiaoshujiang/commit/e15cc523f42e0d3c6a939217dc4d617417f84689,社会奇幻/黑帮,悬疑+温情,年轻人被卷入卖花,第一人称前提,关系/身份结果,亲历记录,,2026-07-18 11:32:43,2026-07-30,11.51894675925926,0.0052422945451411,0.137893890213426,0.0845804728118806,15855,0.2277166575704478,6044.476240332705,7,12,2,17,7,65472.0,6.344696969696972,80.0
鼠鼠脑洞批发,香巴拉,2026-07-19 11:31:10,2026-07-30,127124,1220,16150,18406,27,True,0,f307a867c1adf62ebe35649f04d13975fe5899b8,https://github.com/houghtongasthini-max/xiaoshujiang/commit/f307a867c1adf62ebe35649f04d13975fe5899b8,神话秘境/家族,敬畏+亲情,继承祖辈研究线索,第一人称前提,神话世界确认,亲历调查,,2026-07-19 11:31:10,2026-07-30,10.520023148148148,0.0095969289827255,0.1270413139926371,0.1447877662754476,35776,0.2814260092508102,12084.003828677676,1,4,1,4,8,69626.0,82.58121965932266,100.0
鼠鼠脑洞批发,大巴上的奇怪女人,2026-07-20 09:25:08,2026-07-30,70682,2461,3825,54516,25,True,0,c5a88d1a459201bd75737786fb76332aec962950,https://github.com/houghtongasthini-max/xiaoshujiang/commit/c5a88d1a459201bd75737786fb76332aec962950,日常空间怪谈,微恐,乘坐长途大巴,第一人称前提,身份重分类/近身威胁,亲历记录,,2026-07-20 09:25:08,2026-07-30,9.607546296296295,0.0348179168670948,0.0541156164228516,0.7712854757929883,60802,0.8602190090829348,7356.925256477594,6,1,16,1,9,127124.0,-44.39916931499953,86.66666666666667
鼠鼠脑洞批发,80年代遇见奇怪和尚,2026-07-21 10:46:28,2026-07-30,30817,405,4008,4689,23,True,0,d32313ac44a203de9fe583324554446aec43113e,https://github.com/houghtongasthini-max/xiaoshujiang/commit/d32313ac44a203de9fe583324554446aec43113e,历史奇遇,悬疑+敬畏,历史日常相遇,第一人称前提,身份/时代重分类,亲历记录,,2026-07-21 10:46:28,2026-07-30,8.551064814814815,0.0131420968945711,0.1300580848233118,0.1521562773793685,9102,0.2953564590972515,3603.8786592529623,16,15,15,16,10,70682.0,-56.40049800514982,40.0
鼠鼠脑洞批发,宾夕法尼亚失踪家庭邮件,2026-07-23 10:33:12,2026-07-30,52740,573,9042,9755,29,True,0,78806d26bf942cdc2d747fa76c012bc6738fbc73,https://github.com/houghtongasthini-max/xiaoshujiang/commit/78806d26bf942cdc2d747fa76c012bc6738fbc73,失踪案/调查,悬疑+微恐,侦探收到旧案邮件,第一人称前提,时间与身份重分类,调查档案,,2026-07-23 10:33:12,2026-07-30,6.560277777777777,0.0108646188850967,0.1714448236632537,0.1849639742131209,19370,0.3672734167614713,8039.29372909345,10,9,3,13,11,30817.0,71.13930622708244,60.0
鼠鼠脑洞批发,出狱强子与云南女孩,2026-07-24 20:25:08,2026-07-30,24417,207,2524,2205,29,True,0,b1280fd6930a2a242dff7ac9fa1223d60408253a,https://github.com/houghtongasthini-max/xiaoshujiang/commit/b1280fd6930a2a242dff7ac9fa1223d60408253a,道德因果/奇幻,道德不安+惩罚,出狱者遇年轻女性,第一人称前提,因果惩罚,亲历记录,,2026-07-24 20:25:08,2026-07-30,5.149212962962963,0.0084776999631404,0.1033706024491133,0.0903059343899742,4936,0.2021542368022279,4741.889717054925,17,20,17,23,12,52740.0,-53.70307167235495,33.33333333333333
鼠鼠脑洞批发,电子厂陈丽与墙里的腿,2026-07-27 12:33:01,2026-07-30,14389,200,1844,2715,31,True,0,6de5db7af56db45442853bf6ebebf38975f27072,https://github.com/houghtongasthini-max/xiaoshujiang/commit/6de5db7af56db45442853bf6ebebf38975f27072,工厂都市怪谈,微恐+孤独,工人住宿,第一人称前提,空间/身份异常,亲历记录,,2026-07-27 12:33:01,2026-07-30,2.477071759259259,0.0138995065675168,0.1281534505525053,0.1886858016540412,4759,0.3307387587740635,5808.874912975017,20,19,22,24,13,24417.0,-41.06974648810255,20.0
鼠鼠脑洞批发,德国留学与瘦长鬼影,2026-07-28 17:03:31,2026-07-30,4548,108,484,623,30,True,0,a1d733759868f5869a4cf20889220f8badcc8072,https://github.com/houghtongasthini-max/xiaoshujiang/commit/a1d733759868f5869a4cf20889220f8badcc8072,都市传说,微恐,海外寻宝游戏,第一人称前提,怪物追随,亲历记录,,2026-07-28 17:03:31,2026-07-30,1.289224537037037,0.0237467018469656,0.1064204045734388,0.1369832893579595,1215,0.2671503957783641,3527.702017254846,29,28,33,28,14,14389.0,-68.39252206546668,6.666666666666667
鼠鼠脑洞批发,军人紧急任务与巴比伦塔,2026-07-29 12:20:47,2026-07-30,15133,246,2521,1346,33,True,0,903afafcaf47028cd502dba526365ed2556d2d59,https://github.com/houghtongasthini-max/xiaoshujiang/commit/903afafcaf47028cd502dba526365ed2556d2d59,军事科幻/古文明,敬畏+悬疑,军人执行任务,第一人称前提,古文明规模确认,任务记录,,2026-07-29 12:20:47,2026-07-30,0.4855671296296296,0.0162558646666226,0.1665895724575431,0.088944690411683,4113,0.2717901275358488,31165.61866851,19,25,18,22,15,4548.0,232.7396657871592,26.666666666666668
